,vaccine,total_vaccinations,overall_total_vaccinations,percentage
0,Others,60305307,1099194963,0.054863158
2,Moderna,218453649,1099194963,0.198739674
3,Oxford/AstraZeneca,89172159,1099194963,0.081124971
4,Pfizer/BioNTech,731263848,1099194963,0.665272197
